Strata	Age_years	Age_years_Stiller
S0	135.250	135.250
S1	91.95816	90.71178
S2	78.11184	77.44186
S3	40.34681	40.10412
4A	21.99061	18.12468
3a	21.99061	18.12468
3b	19.74082	17.39605
5	10.1796998	10.1796998
3c	6.2385653	6.2385653
